Title,Category,Project Link,Proposer,Student Availability,CM COMP30030 Difficulty,CS COMP30040 Difficulty,PhD Potential
"A Blockchain Based Application","Student Own","http://studentnet.cs.manchester.ac.uk/ugt/year3/project/projectbookdetails.php?projectid=55080","Richard Banach","1 student","F","F","False"
"A Quantum Computing Project","Student Own","http://studentnet.cs.manchester.ac.uk/ugt/year3/project/projectbookdetails.php?projectid=55079","Richard Banach","1 student","H","H","True"
"Propose your own project in Logic/Automated Reasoning/Verification/Maths","Student Own","http://studentnet.cs.manchester.ac.uk/ugt/year3/project/projectbookdetails.php?projectid=55251","Konstantin Korovin","1 student","F","F","True"
"Your idea for a mathematical project","Student Own","http://studentnet.cs.manchester.ac.uk/ugt/year3/project/projectbookdetails.php?projectid=55177","Andrea Schalk","2 students","C","C","False"
"A Botnet Detector","General Applications","http://studentnet.cs.manchester.ac.uk/ugt/year3/project/projectbookdetails.php?projectid=55119","Ning Zhang","2 students","F","F","False"
"A Game of Spacetime","General Applications","http://studentnet.cs.manchester.ac.uk/ugt/year3/project/projectbookdetails.php?projectid=55285","Bijan Parsia","4 students","F","F","False"
"A hi-tech pantry","General Applications","http://studentnet.cs.manchester.ac.uk/ugt/year3/project/projectbookdetails.php?projectid=55148","Gavin Brown","1 student","F","F","False"
"A Multi-factor Authentication Simulator","General Applications","http://studentnet.cs.manchester.ac.uk/ugt/year3/project/projectbookdetails.php?projectid=55118","Ning Zhang","2 students","F","F","False"
"A Music Theory Tutor using Visualisation","General Applications","http://studentnet.cs.manchester.ac.uk/ugt/year3/project/projectbookdetails.php?projectid=55056","Mary Mcgee Wood","3 students","F","F","False"
"A Recipe for Perfect Recipes?","General Applications","http://studentnet.cs.manchester.ac.uk/ugt/year3/project/projectbookdetails.php?projectid=55130","Kung-kiu Lau","2 students","F","F","False"
"A Simulator for Teaching Ciphers","General Applications","http://studentnet.cs.manchester.ac.uk/ugt/year3/project/projectbookdetails.php?projectid=55117","Ning Zhang","3 students","F","F","False"
"A Software Tool to Illustrate Graph Colouring","General Applications","http://studentnet.cs.manchester.ac.uk/ugt/year3/project/projectbookdetails.php?projectid=55367","Rizos Sakellariou","2 students","F","F","True"
"A Virtual Turntable","General Applications","http://studentnet.cs.manchester.ac.uk/ugt/year3/project/projectbookdetails.php?projectid=55259","Sean Bechhofer","3 students","F","F","False"
"Agent Based Epidemiological Modelling of COVID-19","General Applications","http://studentnet.cs.manchester.ac.uk/ugt/year3/project/projectbookdetails.php?projectid=55286","Bijan Parsia","8 students","F","F","True"
"AI Study Companion","General Applications","http://studentnet.cs.manchester.ac.uk/ugt/year3/project/projectbookdetails.php?projectid=55410","Christoforos Moutafis","4 students","C","C","True"
"Analysing the Landscape of UK Computer Science research","General Applications","http://studentnet.cs.manchester.ac.uk/ugt/year3/project/projectbookdetails.php?projectid=55149","Gavin Brown","2 students","F","F","False"
"Analysing the System Call Invocation Behaviour of Applications","General Applications","http://studentnet.cs.manchester.ac.uk/ugt/year3/project/projectbookdetails.php?projectid=55066","Pierre Olivier","1 student","H","H","True"
"Architecture for on-chip communication in multi-tenant fog systems","General Applications","http://studentnet.cs.manchester.ac.uk/ugt/year3/project/projectbookdetails.php?projectid=55394","Davide Bertozzi","1 student","H","H","True"
"Auction Mechanisms for Local Energy Markets","General Applications","http://studentnet.cs.manchester.ac.uk/ugt/year3/project/projectbookdetails.php?projectid=55318","Mustafa Mustafa","1 student","F","F","False"
"Automatic Audio Processing for Podcasts and Videos","General Applications","http://studentnet.cs.manchester.ac.uk/ugt/year3/project/projectbookdetails.php?projectid=55309","Terry Morley","2 students","F","F","True"
"Cellular Automata for Simulations of Dynamic Systems","General Applications","http://studentnet.cs.manchester.ac.uk/ugt/year3/project/projectbookdetails.php?projectid=55185","Uli Sattler","2 students","F","F","False"
"Cheapest Public Transport to Work","General Applications","http://studentnet.cs.manchester.ac.uk/ugt/year3/project/projectbookdetails.php?projectid=55172","Thomas Carroll","2 students","F","F","False"
"Client-Server Backgammon variant player","General Applications","http://studentnet.cs.manchester.ac.uk/ugt/year3/project/projectbookdetails.php?projectid=55368","Rizos Sakellariou","4 students","F","F","False"
"Co-simulation of spiking neural networks with neuromorphic hardware","General Applications","http://studentnet.cs.manchester.ac.uk/ugt/year3/project/projectbookdetails.php?projectid=55395","Davide Bertozzi","1 student","H","C","True"
"Coding Their Future: Computer Science Education in secondary schools","General Applications","http://studentnet.cs.manchester.ac.uk/ugt/year3/project/projectbookdetails.php?projectid=55300","Duncan Hull","8 students","H","H","False"
"Describing Folk Dance","General Applications","http://studentnet.cs.manchester.ac.uk/ugt/year3/project/projectbookdetails.php?projectid=55257","Sean Bechhofer","3 students","F","F","False"
"Design Space Exploration of Per-Application Tailored Kernels","General Applications","http://studentnet.cs.manchester.ac.uk/ugt/year3/project/projectbookdetails.php?projectid=55065","Pierre Olivier","1 student","H","H","True"
"Develop a Context-Aware Access Control (CAAC) Decision Engine","General Applications","http://studentnet.cs.manchester.ac.uk/ugt/year3/project/projectbookdetails.php?projectid=55113","Ning Zhang","2 students","C","C","False"
"Development of an Application for Data Consumers in Digital Data Marketplaces","General Applications","http://studentnet.cs.manchester.ac.uk/ugt/year3/project/projectbookdetails.php?projectid=55417","Sandra Sampaio","1 student","C","C","True"
"Engaging History Tools","General Applications","http://studentnet.cs.manchester.ac.uk/ugt/year3/project/projectbookdetails.php?projectid=55287","Bijan Parsia","6 students","F","F","False"
"Enigma Machine Simulator","General Applications","http://studentnet.cs.manchester.ac.uk/ugt/year3/project/projectbookdetails.php?projectid=55173","Thomas Carroll","2 students","F","F","False"
"Evaluating task graph scheduling algorithms","General Applications","http://studentnet.cs.manchester.ac.uk/ugt/year3/project/projectbookdetails.php?projectid=55369","Rizos Sakellariou","2 students","C","C","True"
"Evaluating the accuracy of Movebase in a Nuclear Remote Inspection Scenario","General Applications","http://studentnet.cs.manchester.ac.uk/ugt/year3/project/projectbookdetails.php?projectid=55107","Louise Dennis","1 student","F","F","False"
"Everything Happens Somewhere","General Applications","http://studentnet.cs.manchester.ac.uk/ugt/year3/project/projectbookdetails.php?projectid=55050","Mary Mcgee Wood","3 students","F","F","True"
"Exercise Monitor","General Applications","http://studentnet.cs.manchester.ac.uk/ugt/year3/project/projectbookdetails.php?projectid=55102","Tim Morris","1 student","F","F","False"
"Game of Dots and Boxes (aka: Squares)","General Applications","http://studentnet.cs.manchester.ac.uk/ugt/year3/project/projectbookdetails.php?projectid=55174","Thomas Carroll","2 students","F","F","False"
"Good ol' linux ical for Windows","General Applications","http://studentnet.cs.manchester.ac.uk/ugt/year3/project/projectbookdetails.php?projectid=55164","Richard Banach","1 student","F","F","False"
"GPU-based simulations of magnetic racetrack memories","General Applications","http://studentnet.cs.manchester.ac.uk/ugt/year3/project/projectbookdetails.php?projectid=55398","Christoforos Moutafis","1 student","H","H","True"
"How many students will apply for this project?","General Applications","http://studentnet.cs.manchester.ac.uk/ugt/year3/project/projectbookdetails.php?projectid=55110","Gavin Brown","1 student","C","C","False"
"How reliable are hard disk (HDD) and solid state (SSD) drives?","General Applications","http://studentnet.cs.manchester.ac.uk/ugt/year3/project/projectbookdetails.php?projectid=55073","Tom Thomson","1 student","C","C","False"
"Interval Deep Evidential Classification for Medical and Inverse Problems","General Applications","http://studentnet.cs.manchester.ac.uk/ugt/year3/project/projectbookdetails.php?projectid=55371","Caprio Michele","2 students","F","F","True"
"Local Energy Markets with Grid Constraints","General Applications","http://studentnet.cs.manchester.ac.uk/ugt/year3/project/projectbookdetails.php?projectid=55321","Mustafa Mustafa","1 student","F","F","True"
"Local Energy Markets with User Preferences","General Applications","http://studentnet.cs.manchester.ac.uk/ugt/year3/project/projectbookdetails.php?projectid=55317","Mustafa Mustafa","1 student","F","F","False"
"Localisation App to Visualise Blood Glucose Levels for Type 1 Diabetics","General Applications","http://studentnet.cs.manchester.ac.uk/ugt/year3/project/projectbookdetails.php?projectid=55195","Paul Nutter","1 student","F","F","False"
"Logic and automated reasoning","General Applications","http://studentnet.cs.manchester.ac.uk/ugt/year3/project/projectbookdetails.php?projectid=55183","Uli Sattler","4 students","F","F","True"
"Make programs small again","General Applications","http://studentnet.cs.manchester.ac.uk/ugt/year3/project/projectbookdetails.php?projectid=55191","Pavlos Petoumenos","1 student","H","C","True"
"Managing Crowdsourced Points of Interest Information","General Applications","http://studentnet.cs.manchester.ac.uk/ugt/year3/project/projectbookdetails.php?projectid=55064","Mary Mcgee Wood","3 students","F","F","False"
"Modelling Polarization in Social Networks","General Applications","http://studentnet.cs.manchester.ac.uk/ugt/year3/project/projectbookdetails.php?projectid=55125","Louise Dennis","2 students","F","F","True"
"Modular Patch Storage/Library","General Applications","http://studentnet.cs.manchester.ac.uk/ugt/year3/project/projectbookdetails.php?projectid=55261","Sean Bechhofer","1 student","F","F","False"
"Modular Synthesis with VCV Rack","General Applications","http://studentnet.cs.manchester.ac.uk/ugt/year3/project/projectbookdetails.php?projectid=55260","Sean Bechhofer","3 students","C","C","False"
"My Little Operating System","General Applications","http://studentnet.cs.manchester.ac.uk/ugt/year3/project/projectbookdetails.php?projectid=55266","Jim Garside","3 students","C","F","False"
"My Mortgage Modeller","General Applications","http://studentnet.cs.manchester.ac.uk/ugt/year3/project/projectbookdetails.php?projectid=55026","Gavin Brown","1 student","F","F","False"
"N-Version Testing","General Applications","http://studentnet.cs.manchester.ac.uk/ugt/year3/project/projectbookdetails.php?projectid=55289","Bijan Parsia","4 students","F","F","False"
"Non-standard automated reasoning","General Applications","http://studentnet.cs.manchester.ac.uk/ugt/year3/project/projectbookdetails.php?projectid=55184","Uli Sattler","4 students","F","F","True"
"Panorama Creation","General Applications","http://studentnet.cs.manchester.ac.uk/ugt/year3/project/projectbookdetails.php?projectid=55258","Sean Bechhofer","3 students","F","F","False"
"Performance Estimation Across Instruction Set Architectures","General Applications","http://studentnet.cs.manchester.ac.uk/ugt/year3/project/projectbookdetails.php?projectid=55067","Pierre Olivier","1 student","H","H","False"
"Predicting a program's cache behaviour","General Applications","http://studentnet.cs.manchester.ac.uk/ugt/year3/project/projectbookdetails.php?projectid=55190","Pavlos Petoumenos","1 student","F","F","True"
"Privacy-cost trade-off in electricity load shifting (with LLMs)","General Applications","http://studentnet.cs.manchester.ac.uk/ugt/year3/project/projectbookdetails.php?projectid=55319","Mustafa Mustafa","2 students","F","F","True"
"Revolutionising Academic Scheduling with Advanced Timetabling Solutions","General Applications","http://studentnet.cs.manchester.ac.uk/ugt/year3/project/projectbookdetails.php?projectid=55046","Gareth Henshall","2 students","F","F","False"
"Room occupancy viewing and booking system","General Applications","http://studentnet.cs.manchester.ac.uk/ugt/year3/project/projectbookdetails.php?projectid=55210","Paul Nutter","1 student","F","F","False"
""Simple assistive software: design"," development"," and evaluation"","General Applications","http://studentnet.cs.manchester.ac.uk/ugt/year3/project/projectbookdetails.php?projectid=55057","Mary Mcgee Wood","3 students","C","M","True"
""Simple assistive software: design"," development"," and evaluation"","General Applications","http://studentnet.cs.manchester.ac.uk/ugt/year3/project/projectbookdetails.php?projectid=55057","Mary Mcgee Wood","3 students","C","M","True"
"Simulating string playing to make physical modelling synthesis more realistic","General Applications","http://studentnet.cs.manchester.ac.uk/ugt/year3/project/projectbookdetails.php?projectid=55232","Joseph Razavi","1 student","F","F","False"
"Social Network Analysis and Metrics","General Applications","http://studentnet.cs.manchester.ac.uk/ugt/year3/project/projectbookdetails.php?projectid=55370","Rizos Sakellariou","2 students","C","C","True"
"Software Analysis and Large Language Models","General Applications","http://studentnet.cs.manchester.ac.uk/ugt/year3/project/projectbookdetails.php?projectid=55315","Youcheng Sun","1 student","F","H","True"
"Statically predict the runtime behaviour of parts of a program","General Applications","http://studentnet.cs.manchester.ac.uk/ugt/year3/project/projectbookdetails.php?projectid=55189","Pavlos Petoumenos","2 students","H","H","True"
"Strategic Scheduling Solutions: Elevating the Six Nations Rugby Experience","General Applications","http://studentnet.cs.manchester.ac.uk/ugt/year3/project/projectbookdetails.php?projectid=55043","Gareth Henshall","2 students","F","F","False"
"Synaesthetic Computing","General Applications","http://studentnet.cs.manchester.ac.uk/ugt/year3/project/projectbookdetails.php?projectid=55128","Kung-kiu Lau","3 students","F","F","False"
"Teaching Software Engineering","General Applications","http://studentnet.cs.manchester.ac.uk/ugt/year3/project/projectbookdetails.php?projectid=55290","Bijan Parsia","8 students","F","F","False"
"Type 1 Diabetes Food Management System","General Applications","http://studentnet.cs.manchester.ac.uk/ugt/year3/project/projectbookdetails.php?projectid=55198","Paul Nutter","1 student","F","F","False"
"Validating semantic artefact profiles for Research Object Crates","General Applications","http://studentnet.cs.manchester.ac.uk/ugt/year3/project/projectbookdetails.php?projectid=55352","Stian Soiland-reyes","2 students","F","F","True"
"Verification of Deep Neural Networks","General Applications","http://studentnet.cs.manchester.ac.uk/ugt/year3/project/projectbookdetails.php?projectid=55053","Lucas Cordeiro","2 students","F","F","False"
"Verifying Python Programs in Robotic Applications","General Applications","http://studentnet.cs.manchester.ac.uk/ugt/year3/project/projectbookdetails.php?projectid=55055","Lucas Cordeiro","2 students","F","F","False"
"Visualising Infinity","General Applications","http://studentnet.cs.manchester.ac.uk/ugt/year3/project/projectbookdetails.php?projectid=55129","Kung-kiu Lau","2 students","F","F","False"
"Will it merge?","General Applications","http://studentnet.cs.manchester.ac.uk/ugt/year3/project/projectbookdetails.php?projectid=55188","Pavlos Petoumenos","1 student","C","C","True"
"3D Hand tracking from monocular RGB","Graphical applications and systems","http://studentnet.cs.manchester.ac.uk/ugt/year3/project/projectbookdetails.php?projectid=55421","Aphrodite Galata","3 students","C","C","True"
"Activity Monitor","Graphical applications and systems","http://studentnet.cs.manchester.ac.uk/ugt/year3/project/projectbookdetails.php?projectid=55101","Tim Morris","1 student","F","F","False"
"Animation of avatars using human motion capture data","Graphical applications and systems","http://studentnet.cs.manchester.ac.uk/ugt/year3/project/projectbookdetails.php?projectid=55424","Aphrodite Galata","2 students","C","C","False"
"Camera viewpoint","Graphical applications and systems","http://studentnet.cs.manchester.ac.uk/ugt/year3/project/projectbookdetails.php?projectid=55106","Tim Morris","1 student","H","C","False"
"Chess Tutor","Graphical applications and systems","http://studentnet.cs.manchester.ac.uk/ugt/year3/project/projectbookdetails.php?projectid=55304","Terry Morley","2 students","F","F","True"
"Climbing Animation Simulator","Graphical applications and systems","http://studentnet.cs.manchester.ac.uk/ugt/year3/project/projectbookdetails.php?projectid=55252","David Petrescu","2 students","F","F","False"
"Computer Vision aids for the confused","Graphical applications and systems","http://studentnet.cs.manchester.ac.uk/ugt/year3/project/projectbookdetails.php?projectid=55105","Tim Morris","1 student","F","F","False"
"GymBuddy: Computer Vision based Fitness Assistant","Graphical applications and systems","http://studentnet.cs.manchester.ac.uk/ugt/year3/project/projectbookdetails.php?projectid=55425","Aphrodite Galata","2 students","C","C","True"
"Implementing a Graphical User Interface for Network Simulator 3","Graphical applications and systems","http://studentnet.cs.manchester.ac.uk/ugt/year3/project/projectbookdetails.php?projectid=55031","Stewart Blakeway","4 students","H","M","False"
"Night-time image processing","Graphical applications and systems","http://studentnet.cs.manchester.ac.uk/ugt/year3/project/projectbookdetails.php?projectid=55104","Tim Morris","1 student","H","C","False"
"Non-realtime rendering of a 3D scene as pixel art","Graphical applications and systems","http://studentnet.cs.manchester.ac.uk/ugt/year3/project/projectbookdetails.php?projectid=55235","Joseph Razavi","1 student","F","F","False"
"Photo Collage","Graphical applications and systems","http://studentnet.cs.manchester.ac.uk/ugt/year3/project/projectbookdetails.php?projectid=55426","Aphrodite Galata","1 student","C","C","False"
"Recognising Street Furniture","Graphical applications and systems","http://studentnet.cs.manchester.ac.uk/ugt/year3/project/projectbookdetails.php?projectid=55099","Tim Morris","1 student","F","F","False"
"Sensitivity to complex geometry simplifications using Nanite.","Graphical applications and systems","http://studentnet.cs.manchester.ac.uk/ugt/year3/project/projectbookdetails.php?projectid=55202","David Petrescu","2 students","C","C","True"
"Super Resolution","Graphical applications and systems","http://studentnet.cs.manchester.ac.uk/ugt/year3/project/projectbookdetails.php?projectid=55103","Tim Morris","1 student","F","F","False"
"Tracking football players","Graphical applications and systems","http://studentnet.cs.manchester.ac.uk/ugt/year3/project/projectbookdetails.php?projectid=55420","Aphrodite Galata","2 students","C","C","False"
"Video Synthesis","Graphical applications and systems","http://studentnet.cs.manchester.ac.uk/ugt/year3/project/projectbookdetails.php?projectid=55428","Aphrodite Galata","1 student","C","C","False"
"Virtual Reality Models","Graphical applications and systems","http://studentnet.cs.manchester.ac.uk/ugt/year3/project/projectbookdetails.php?projectid=55100","Tim Morris","2 students","F","F","False"
"Virtual tourist","Graphical applications and systems","http://studentnet.cs.manchester.ac.uk/ugt/year3/project/projectbookdetails.php?projectid=55109","Tim Morris","1 student","F","F","False"
"What can I see?","Graphical applications and systems","http://studentnet.cs.manchester.ac.uk/ugt/year3/project/projectbookdetails.php?projectid=55098","Tim Morris","1 student","C","F","False"
"Which way is up - extracting information from magnetic images","Graphical applications and systems","http://studentnet.cs.manchester.ac.uk/ugt/year3/project/projectbookdetails.php?projectid=55047","Tom Thomson","2 students","C","H","True"
"A Blockchain-based Application","Communications and security","http://studentnet.cs.manchester.ac.uk/ugt/year3/project/projectbookdetails.php?projectid=55114","Ning Zhang","2 students","C","C","False"
"A Cross-domain Auditing Service","Communications and security","http://studentnet.cs.manchester.ac.uk/ugt/year3/project/projectbookdetails.php?projectid=55116","Ning Zhang","2 students","C","M","False"
"A RBAC (Role Based Access Control) Simulator","Communications and security","http://studentnet.cs.manchester.ac.uk/ugt/year3/project/projectbookdetails.php?projectid=55111","Ning Zhang","3 students","F","F","False"
"Automated Testing of Neural Network Software Implementations via Fuzzing","Communications and security","http://studentnet.cs.manchester.ac.uk/ugt/year3/project/projectbookdetails.php?projectid=55404","Edoardo Manino","2 students","F","F","True"
"Benchmark tests for FAIR Digital Objects","Communications and security","http://studentnet.cs.manchester.ac.uk/ugt/year3/project/projectbookdetails.php?projectid=55353","Stian Soiland-reyes","2 students","F","F","True"
"Blockchain-based Online Poker","Communications and security","http://studentnet.cs.manchester.ac.uk/ugt/year3/project/projectbookdetails.php?projectid=55122","Bernardo Magri","1 student","F","F","True"
"Directions on Cryptography","Communications and security","http://studentnet.cs.manchester.ac.uk/ugt/year3/project/projectbookdetails.php?projectid=55120","Bernardo Magri","2 students","H","H","True"
"Host Based Intrusion Detection in a Cloud Environment","Communications and security","http://studentnet.cs.manchester.ac.uk/ugt/year3/project/projectbookdetails.php?projectid=55115","Ning Zhang","2 students","H","C","False"
"Investigation of Digital Forensic Techniques","Communications and security","http://studentnet.cs.manchester.ac.uk/ugt/year3/project/projectbookdetails.php?projectid=55112","Ning Zhang","2 students","H","H","False"
"Linux Kernel Testing with Large Language Models","Communications and security","http://studentnet.cs.manchester.ac.uk/ugt/year3/project/projectbookdetails.php?projectid=55314","Youcheng Sun","1 student","F","F","True"
""MANETs"," VANETs and FANETs"","Communications and security","http://studentnet.cs.manchester.ac.uk/ugt/year3/project/projectbookdetails.php?projectid=55035","Stewart Blakeway","4 students","M","M","False"
""MANETs"," VANETs and FANETs"","Communications and security","http://studentnet.cs.manchester.ac.uk/ugt/year3/project/projectbookdetails.php?projectid=55035","Stewart Blakeway","4 students","M","M","False"
"Miner Extractable Value (MEV) opportunities","Communications and security","http://studentnet.cs.manchester.ac.uk/ugt/year3/project/projectbookdetails.php?projectid=55121","Bernardo Magri","1 student","H","H","True"
"Privacy Preserving and Verifiable Billing in Local Energy Markets","Communications and security","http://studentnet.cs.manchester.ac.uk/ugt/year3/project/projectbookdetails.php?projectid=55322","Mustafa Mustafa","2 students","H","H","False"
"Privacy-Preserving Neural Network Inference via Homomorphic Encryption","Communications and security","http://studentnet.cs.manchester.ac.uk/ugt/year3/project/projectbookdetails.php?projectid=55401","Edoardo Manino","2 students","F","F","True"
"Proof-of-stake Bitcoin","Communications and security","http://studentnet.cs.manchester.ac.uk/ugt/year3/project/projectbookdetails.php?projectid=55123","Bernardo Magri","1 student","H","H","True"
"Routing Protocol Performance in Mobile Ad hoc Networks","Communications and security","http://studentnet.cs.manchester.ac.uk/ugt/year3/project/projectbookdetails.php?projectid=55039","Stewart Blakeway","5 students","M","M","False"
"Software Compartmentalisation","Communications and security","http://studentnet.cs.manchester.ac.uk/ugt/year3/project/projectbookdetails.php?projectid=55069","Pierre Olivier","1 student","H","H","True"
"Verification and Testing of Deep Learning Systems","Communications and security","http://studentnet.cs.manchester.ac.uk/ugt/year3/project/projectbookdetails.php?projectid=55312","Youcheng Sun","1 student","F","F","True"
"Verifying Information Flow Security for Blockchain-based Smart Contracts","Communications and security","http://studentnet.cs.manchester.ac.uk/ugt/year3/project/projectbookdetails.php?projectid=55059","Lucas Cordeiro","2 students","M","M","False"
"Web3 Application","Communications and security","http://studentnet.cs.manchester.ac.uk/ugt/year3/project/projectbookdetails.php?projectid=55229","Bernardo Magri","4 students","F","F","True"
"A Deep Dive into Bregman Divergences","Artificial Intelligence","http://studentnet.cs.manchester.ac.uk/ugt/year3/project/projectbookdetails.php?projectid=55327","Gavin Brown","1 student","F","F","True"
"A Machine Learning approach to Crude Oil Price Prediction","Artificial Intelligence","http://studentnet.cs.manchester.ac.uk/ugt/year3/project/projectbookdetails.php?projectid=55144","Xiao-jun Zeng","1 student","F","F","False"
"A machine learning approach to forecasting of currency exchange rates","Artificial Intelligence","http://studentnet.cs.manchester.ac.uk/ugt/year3/project/projectbookdetails.php?projectid=55145","Xiao-jun Zeng","1 student","F","F","False"
"A robot-composer","Artificial Intelligence","http://studentnet.cs.manchester.ac.uk/ugt/year3/project/projectbookdetails.php?projectid=55385","Ainur Begalinova","1 student","F","F","True"
"Advancing Robotic Hand Manipulation for Diverse Object Interaction","Artificial Intelligence","http://studentnet.cs.manchester.ac.uk/ugt/year3/project/projectbookdetails.php?projectid=55375","Ainur Begalinova","2 students","F","F","True"
"AI Image Generation","Artificial Intelligence","http://studentnet.cs.manchester.ac.uk/ugt/year3/project/projectbookdetails.php?projectid=55344","Tingting Mu","3 students","H","H","False"
"An Investigation of Voting as a means to Resolve Moral Uncertainty","Artificial Intelligence","http://studentnet.cs.manchester.ac.uk/ugt/year3/project/projectbookdetails.php?projectid=55084","Louise Dennis","1 student","C","C","False"
"Applying Text Analytics and Machine Learning to Study AI/ML Research Trends","Artificial Intelligence","http://studentnet.cs.manchester.ac.uk/ugt/year3/project/projectbookdetails.php?projectid=55345","Tingting Mu","1 student","H","H","False"
"Audio Classification via Deep Learning","Artificial Intelligence","http://studentnet.cs.manchester.ac.uk/ugt/year3/project/projectbookdetails.php?projectid=55025","Ke Chen","3 students","N","H","True"
"Benchmarking Machine Ethics","Artificial Intelligence","http://studentnet.cs.manchester.ac.uk/ugt/year3/project/projectbookdetails.php?projectid=55085","Louise Dennis","1 student","H","C","False"
"Bio-inspired vision with neuromorphic computing","Artificial Intelligence","http://studentnet.cs.manchester.ac.uk/ugt/year3/project/projectbookdetails.php?projectid=55400","Oliver Rhodes","7 students","H","C","True"
"Can ChatGPT help requirement engineers to classify user requirements?","Artificial Intelligence","http://studentnet.cs.manchester.ac.uk/ugt/year3/project/projectbookdetails.php?projectid=55217","Liping Zhao","3 students","H","C","True"
"Can ChatGPT help users to compose user stores for their software requirements?","Artificial Intelligence","http://studentnet.cs.manchester.ac.uk/ugt/year3/project/projectbookdetails.php?projectid=55222","Liping Zhao","3 students","C","M","True"
"Car Co-driver Mobile Phone App","Artificial Intelligence","http://studentnet.cs.manchester.ac.uk/ugt/year3/project/projectbookdetails.php?projectid=55293","Terry Morley","2 students","F","F","False"
"Chaotic Systems and Neural Nets","Artificial Intelligence","http://studentnet.cs.manchester.ac.uk/ugt/year3/project/projectbookdetails.php?projectid=55299","Anirbit Mukherjee","2 students","C","C","True"
"Character Recognition using Mathematical Morphology","Artificial Intelligence","http://studentnet.cs.manchester.ac.uk/ugt/year3/project/projectbookdetails.php?projectid=55168","Francisco Lobo","2 students","F","F","False"
"Classification of app reviews for requirements engineering using deep learning models","Artificial Intelligence","http://studentnet.cs.manchester.ac.uk/ugt/year3/project/projectbookdetails.php?projectid=55227","Liping Zhao","3 students","C","M","True"
"Cognitive Robotics and AI","Artificial Intelligence","http://studentnet.cs.manchester.ac.uk/ugt/year3/project/projectbookdetails.php?projectid=55042","Angelo Cangelosi","2 students","C","C","True"
""Computational Fluid Dynamics"," OpenFoam and Neural Operators"","Artificial Intelligence","http://studentnet.cs.manchester.ac.uk/ugt/year3/project/projectbookdetails.php?projectid=55301","Anirbit Mukherjee","2 students","M","M","True"
""Computational Fluid Dynamics"," OpenFoam and Neural Operators"","Artificial Intelligence","http://studentnet.cs.manchester.ac.uk/ugt/year3/project/projectbookdetails.php?projectid=55301","Anirbit Mukherjee","2 students","M","M","True"
"Computing the size of game trees","Artificial Intelligence","http://studentnet.cs.manchester.ac.uk/ugt/year3/project/projectbookdetails.php?projectid=55306","Jon Shapiro","2 students","M","F","False"
"Constructing Explanations for Description Logic Reasoning","Artificial Intelligence","http://studentnet.cs.manchester.ac.uk/ugt/year3/project/projectbookdetails.php?projectid=55208","Francisco Lobo","2 students","F","F","False"
"Dashboard for symbolic machine learning prover SMLP","Artificial Intelligence","http://studentnet.cs.manchester.ac.uk/ugt/year3/project/projectbookdetails.php?projectid=55248","Konstantin Korovin","1 student","F","F","True"
"Deceptive Planning Techniques for Robotic Motion Planning Tasks","Artificial Intelligence","http://studentnet.cs.manchester.ac.uk/ugt/year3/project/projectbookdetails.php?projectid=55324","Ramon Fraga Pereira","2 students","F","F","False"
"Enhancing human-robot interaction","Artificial Intelligence","http://studentnet.cs.manchester.ac.uk/ugt/year3/project/projectbookdetails.php?projectid=55379","Ainur Begalinova","2 students","F","F","True"
"Evidential-Bayes Theory for Continual Learning","Artificial Intelligence","http://studentnet.cs.manchester.ac.uk/ugt/year3/project/projectbookdetails.php?projectid=55351","Caprio Michele","2 students","F","F","True"
"Exploring dynamic deep neural network architectures","Artificial Intelligence","http://studentnet.cs.manchester.ac.uk/ugt/year3/project/projectbookdetails.php?projectid=55388","Davide Bertozzi","1 student","H","C","True"
"Exploring Generalized Linear Models","Artificial Intelligence","http://studentnet.cs.manchester.ac.uk/ugt/year3/project/projectbookdetails.php?projectid=55349","Gavin Brown","1 student","C","C","True"
"Extending a Beliefs-Desires-Intentions Library for Python to allow Logical Reasoning","Artificial Intelligence","http://studentnet.cs.manchester.ac.uk/ugt/year3/project/projectbookdetails.php?projectid=55086","Louise Dennis","1 student","H","C","False"
"Face expression recognition","Artificial Intelligence","http://studentnet.cs.manchester.ac.uk/ugt/year3/project/projectbookdetails.php?projectid=55386","Ainur Begalinova","1 student","F","F","True"
"Facial Expression Analysis and Recognition via Deep Learning","Artificial Intelligence","http://studentnet.cs.manchester.ac.uk/ugt/year3/project/projectbookdetails.php?projectid=55030","Ke Chen","2 students","N","H","True"
"Feature compression for analysing models","Artificial Intelligence","http://studentnet.cs.manchester.ac.uk/ugt/year3/project/projectbookdetails.php?projectid=55244","Konstantin Korovin","1 student","H","H","True"
"Future Robotics Autonomy: Computer Vision-Based Third-View Smart Robot Control and Operation","Artificial Intelligence","http://studentnet.cs.manchester.ac.uk/ugt/year3/project/projectbookdetails.php?projectid=55376","Philip Zhao","6 students","F","F","True"
"Game Playing: Board or Card Games","Artificial Intelligence","http://studentnet.cs.manchester.ac.uk/ugt/year3/project/projectbookdetails.php?projectid=55219","Clare Dixon","5 students","F","F","False"
"GPU-based simulations of spintronics-based neuromorphic components for next-generation intelligent computing","Artificial Intelligence","http://studentnet.cs.manchester.ac.uk/ugt/year3/project/projectbookdetails.php?projectid=55405","Christoforos Moutafis","3 students","H","H","True"
"Gradient-Clipping at the Edge-Of-Stability","Artificial Intelligence","http://studentnet.cs.manchester.ac.uk/ugt/year3/project/projectbookdetails.php?projectid=55307","Anirbit Mukherjee","3 students","M","M","True"
"Graph Embedding and Visualisation","Artificial Intelligence","http://studentnet.cs.manchester.ac.uk/ugt/year3/project/projectbookdetails.php?projectid=55346","Tingting Mu","3 students","H","H","True"
"Graphical Models for Optimization","Artificial Intelligence","http://studentnet.cs.manchester.ac.uk/ugt/year3/project/projectbookdetails.php?projectid=55305","Jon Shapiro","2 students","C","C","False"
"Guiding theorem prover for first-order logic using machine learning","Artificial Intelligence","http://studentnet.cs.manchester.ac.uk/ugt/year3/project/projectbookdetails.php?projectid=55240","Konstantin Korovin","1 student","H","H","True"
"High-dimensional Data Embedding and Visualisation","Artificial Intelligence","http://studentnet.cs.manchester.ac.uk/ugt/year3/project/projectbookdetails.php?projectid=55347","Tingting Mu","3 students","H","H","True"
"Human motion prediction","Artificial Intelligence","http://studentnet.cs.manchester.ac.uk/ugt/year3/project/projectbookdetails.php?projectid=55387","Ainur Begalinova","1 student","F","F","True"
"Humanoid Robot Control with Diffusion Models","Artificial Intelligence","http://studentnet.cs.manchester.ac.uk/ugt/year3/project/projectbookdetails.php?projectid=55206","Mingfei Sun","2 students","C","C","True"
"I will not let my brain stroke damage my life","Artificial Intelligence","http://studentnet.cs.manchester.ac.uk/ugt/year3/project/projectbookdetails.php?projectid=55093","Fumie Costen","1 student","C","C","True"
"Identifying players in Broadcast sports videos","Artificial Intelligence","http://studentnet.cs.manchester.ac.uk/ugt/year3/project/projectbookdetails.php?projectid=55418","Aphrodite Galata","3 students","C","C","True"
"Immersive NPC Interaction Design: Bridging the Gap Between Player Expectations and Industry Standards","Artificial Intelligence","http://studentnet.cs.manchester.ac.uk/ugt/year3/project/projectbookdetails.php?projectid=55044","Gareth Henshall","4 students","F","F","True"
"Imprecise PAC-Bayes Bounds and their Applications to Label Shift Problems","Artificial Intelligence","http://studentnet.cs.manchester.ac.uk/ugt/year3/project/projectbookdetails.php?projectid=55365","Caprio Michele","2 students","F","F","True"
"Improved simulated robot lab","Artificial Intelligence","http://studentnet.cs.manchester.ac.uk/ugt/year3/project/projectbookdetails.php?projectid=55218","Ian Pratt-hartmann","3 students","F","F","False"
"Integrating the CARLA Autonomous Car Simulator with the RoTRA Highway Code tool.","Artificial Intelligence","http://studentnet.cs.manchester.ac.uk/ugt/year3/project/projectbookdetails.php?projectid=55087","Louise Dennis","1 student","M","M","True"
"Interacting Ethical and Legal Considerations in Driverless Cars","Artificial Intelligence","http://studentnet.cs.manchester.ac.uk/ugt/year3/project/projectbookdetails.php?projectid=55088","Louise Dennis","1 student","H","C","False"
"Interval Bayesian Deep Learning","Artificial Intelligence","http://studentnet.cs.manchester.ac.uk/ugt/year3/project/projectbookdetails.php?projectid=55373","Caprio Michele","2 students","F","F","True"
"Is my brain younger than my age ?","Artificial Intelligence","http://studentnet.cs.manchester.ac.uk/ugt/year3/project/projectbookdetails.php?projectid=55094","Fumie Costen","1 student","C","C","True"
"Knowledge Graph Construction and Application","Artificial Intelligence","http://studentnet.cs.manchester.ac.uk/ugt/year3/project/projectbookdetails.php?projectid=55097","Jiaoyan Chen","6 students","F","F","True"
"Knowledge Inference & Data Mining using FCA","Artificial Intelligence","http://studentnet.cs.manchester.ac.uk/ugt/year3/project/projectbookdetails.php?projectid=55176","Francisco Lobo","2 students","F","F","False"
"Learnable Agent for Video Game Playing","Artificial Intelligence","http://studentnet.cs.manchester.ac.uk/ugt/year3/project/projectbookdetails.php?projectid=55033","Ke Chen","2 students","N","H","True"
"Legal Question Answering","Artificial Intelligence","http://studentnet.cs.manchester.ac.uk/ugt/year3/project/projectbookdetails.php?projectid=55288","Bijan Parsia","8 students","F","F","True"
"ML4Drone Project 1: Reinforcement Learning for Quadrotor Control Performance Improvement","Artificial Intelligence","http://studentnet.cs.manchester.ac.uk/ugt/year3/project/projectbookdetails.php?projectid=55354","Wei Pan","1 student","C","C","True"
"ML4Drone Project 2: Safe Reinforcement Learning for Drones Control with Obstacle Avoidance","Artificial Intelligence","http://studentnet.cs.manchester.ac.uk/ugt/year3/project/projectbookdetails.php?projectid=55355","Wei Pan","1 student","C","C","True"
"ML4Drone Project 3: Robust Reinforcement Learning for Drones Control under Gusting Conditions","Artificial Intelligence","http://studentnet.cs.manchester.ac.uk/ugt/year3/project/projectbookdetails.php?projectid=55356","Wei Pan","1 student","C","C","True"
"ML4Drone Project 4: Secure Reinforcement Learning for Drones Control under Cyber Attack","Artificial Intelligence","http://studentnet.cs.manchester.ac.uk/ugt/year3/project/projectbookdetails.php?projectid=55357","Wei Pan","1 student","C","C","True"
"ML4Drone Project 5: Multi-Agent Reinforcement Learning for Multiple Quadrotors Control","Artificial Intelligence","http://studentnet.cs.manchester.ac.uk/ugt/year3/project/projectbookdetails.php?projectid=55358","Wei Pan","1 student","C","C","True"
""Multi-Agent Coordination and Cooperation using Landmarks"," Centroids"," and Minimum Covering States"","Artificial Intelligence","http://studentnet.cs.manchester.ac.uk/ugt/year3/project/projectbookdetails.php?projectid=55325","Ramon Fraga Pereira","2 students","M","M","False"
""Multi-Agent Coordination and Cooperation using Landmarks"," Centroids"," and Minimum Covering States"","Artificial Intelligence","http://studentnet.cs.manchester.ac.uk/ugt/year3/project/projectbookdetails.php?projectid=55325","Ramon Fraga Pereira","2 students","M","M","False"
"No more  Alzheimer's disease","Artificial Intelligence","http://studentnet.cs.manchester.ac.uk/ugt/year3/project/projectbookdetails.php?projectid=55095","Fumie Costen","6 students","C","C","True"
"Optimisation and verification of systems represented using machine learning models","Artificial Intelligence","http://studentnet.cs.manchester.ac.uk/ugt/year3/project/projectbookdetails.php?projectid=55247","Konstantin Korovin","2 students","H","H","True"
"Pattern Classification of Stock Price Moving","Artificial Intelligence","http://studentnet.cs.manchester.ac.uk/ugt/year3/project/projectbookdetails.php?projectid=55146","Xiao-jun Zeng","1 student","F","F","False"
"Pedestrian Crossing Monitor","Artificial Intelligence","http://studentnet.cs.manchester.ac.uk/ugt/year3/project/projectbookdetails.php?projectid=55294","Terry Morley","2 students","F","F","False"
"Physics-Constrained Credal Deep Bayesian Learning for Autonomous Driving","Artificial Intelligence","http://studentnet.cs.manchester.ac.uk/ugt/year3/project/projectbookdetails.php?projectid=55372","Caprio Michele","2 students","F","F","True"
"Predicting neutron source reliability at ISIS using machine learning","Artificial Intelligence","http://studentnet.cs.manchester.ac.uk/ugt/year3/project/projectbookdetails.php?projectid=55211","Tom Thomson","2 students","H","C","False"
"Privacy-preserving Electricity Consumption Prediction","Artificial Intelligence","http://studentnet.cs.manchester.ac.uk/ugt/year3/project/projectbookdetails.php?projectid=55316","Mustafa Mustafa","2 students","F","F","True"
"Procedural Content Generation for Video Game Development","Artificial Intelligence","http://studentnet.cs.manchester.ac.uk/ugt/year3/project/projectbookdetails.php?projectid=55034","Ke Chen","2 students","N","H","True"
"Pruning and Quantisation of Robust Neural Networks","Artificial Intelligence","http://studentnet.cs.manchester.ac.uk/ugt/year3/project/projectbookdetails.php?projectid=55403","Edoardo Manino","2 students","F","F","True"
"Quantum Conformal Prediction","Artificial Intelligence","http://studentnet.cs.manchester.ac.uk/ugt/year3/project/projectbookdetails.php?projectid=55362","Caprio Michele","2 students","F","F","True"
"Robot grasp stability estimation","Artificial Intelligence","http://studentnet.cs.manchester.ac.uk/ugt/year3/project/projectbookdetails.php?projectid=55382","Ainur Begalinova","1 student","F","F","True"
"Robot learning by demonstration","Artificial Intelligence","http://studentnet.cs.manchester.ac.uk/ugt/year3/project/projectbookdetails.php?projectid=55383","Ainur Begalinova","1 student","F","F","True"
"Robust Planning in Real and Realistic Domain Models","Artificial Intelligence","http://studentnet.cs.manchester.ac.uk/ugt/year3/project/projectbookdetails.php?projectid=55324","Ramon Fraga Pereira","2 students","F","F","False"
"Robust Variational Inference via Imprecise Probabilities","Artificial Intelligence","http://studentnet.cs.manchester.ac.uk/ugt/year3/project/projectbookdetails.php?projectid=55366","Caprio Michele","2 students","F","F","True"
"Runtime Verification for Algorithmic Bias","Artificial Intelligence","http://studentnet.cs.manchester.ac.uk/ugt/year3/project/projectbookdetails.php?projectid=55089","Louise Dennis","1 student","H","C","True"
"Sign language recognition using Deep Learning","Artificial Intelligence","http://studentnet.cs.manchester.ac.uk/ugt/year3/project/projectbookdetails.php?projectid=55384","Ainur Begalinova","1 student","F","F","True"
"Solving Combinatorial Problems with Reinforcement Learning in Mujoco Simulator","Artificial Intelligence","http://studentnet.cs.manchester.ac.uk/ugt/year3/project/projectbookdetails.php?projectid=55207","Mingfei Sun","4 students","M","M","True"
"The Role of Bias/Variance in Machine Learning","Artificial Intelligence","http://studentnet.cs.manchester.ac.uk/ugt/year3/project/projectbookdetails.php?projectid=55027","Gavin Brown","1 student","H","H","True"
"The Role of Diversity in Ensemble Learning","Artificial Intelligence","http://studentnet.cs.manchester.ac.uk/ugt/year3/project/projectbookdetails.php?projectid=55028","Gavin Brown","1 student","H","H","True"
"The use of Machine Learning for Intention Selection in BDI Agents","Artificial Intelligence","http://studentnet.cs.manchester.ac.uk/ugt/year3/project/projectbookdetails.php?projectid=55090","Louise Dennis","1 student","H","C","True"
"Thompson Sampling in Monte Carlo Tree Search","Artificial Intelligence","http://studentnet.cs.manchester.ac.uk/ugt/year3/project/projectbookdetails.php?projectid=55308","Jon Shapiro","2 students","C","H","True"
"Tie-Break Strategies for Heuristic Search in Cyclic and Non-Cyclic AND/OR Graphs","Artificial Intelligence","http://studentnet.cs.manchester.ac.uk/ugt/year3/project/projectbookdetails.php?projectid=55323","Ramon Fraga Pereira","2 students","C","C","True"
"Time Series Forecasting with Machine Learning","Artificial Intelligence","http://studentnet.cs.manchester.ac.uk/ugt/year3/project/projectbookdetails.php?projectid=55041","Ke Chen","2 students","N","H","True"
"Two-player games on mobile device","Artificial Intelligence","http://studentnet.cs.manchester.ac.uk/ugt/year3/project/projectbookdetails.php?projectid=55214","Ian Pratt-hartmann","4 students","F","F","False"
"Using Runtime Monitoring to Control Reinforcement Learning","Artificial Intelligence","http://studentnet.cs.manchester.ac.uk/ugt/year3/project/projectbookdetails.php?projectid=55091","Louise Dennis","1 student","H","C","False"
"Verification of New Behaviours for An Autonomous Robotic Assistant","Artificial Intelligence","http://studentnet.cs.manchester.ac.uk/ugt/year3/project/projectbookdetails.php?projectid=55220","Clare Dixon","2 students","H","H","True"
"Visual Drone Detector","Artificial Intelligence","http://studentnet.cs.manchester.ac.uk/ugt/year3/project/projectbookdetails.php?projectid=55296","Terry Morley","2 students","F","F","False"
"What happens to me; I got Brain cancer","Artificial Intelligence","http://studentnet.cs.manchester.ac.uk/ugt/year3/project/projectbookdetails.php?projectid=55096","Fumie Costen","1 student","C","C","True"
"What was the question again? Adversarial attacks on large language models","Artificial Intelligence","http://studentnet.cs.manchester.ac.uk/ugt/year3/project/projectbookdetails.php?projectid=55402","Edoardo Manino","2 students","F","F","True"
"A Lego-like Language for Teaching Beginners Programming","Teaching Tools","http://studentnet.cs.manchester.ac.uk/ugt/year3/project/projectbookdetails.php?projectid=55126","Kung-kiu Lau","3 students","F","F","False"
"A Lego-like Language for Teaching Beginners Programming","Teaching Tools","http://studentnet.cs.manchester.ac.uk/ugt/year3/project/projectbookdetails.php?projectid=55127","Kung-kiu Lau","3 students","F","F","False"
"A Mars Rover themed Primary School Programming activity for Robot Inventor.","Teaching Tools","http://studentnet.cs.manchester.ac.uk/ugt/year3/project/projectbookdetails.php?projectid=55081","Louise Dennis","1 student","M","M","False"
"A Science Communication Demonstration using a NAO Robot","Teaching Tools","http://studentnet.cs.manchester.ac.uk/ugt/year3/project/projectbookdetails.php?projectid=55082","Louise Dennis","2 students","F","F","False"
""A Teaching Tool for JASON"," a BDI Agent Framework"","Teaching Tools","http://studentnet.cs.manchester.ac.uk/ugt/year3/project/projectbookdetails.php?projectid=55169","Thomas Carroll","1 student","F","F","False"
""A Teaching Tool for JASON"," a BDI Agent Framework"","Teaching Tools","http://studentnet.cs.manchester.ac.uk/ugt/year3/project/projectbookdetails.php?projectid=55169","Thomas Carroll","1 student","F","F","False"
"A Teaching Tool for your favourite CS Topic","Teaching Tools","http://studentnet.cs.manchester.ac.uk/ugt/year3/project/projectbookdetails.php?projectid=55175","Thomas Carroll","3 students","F","F","False"
"Animations for Teaching Concepts in Computer Hardware","Teaching Tools","http://studentnet.cs.manchester.ac.uk/ugt/year3/project/projectbookdetails.php?projectid=55187","Paul Nutter","1 student","H","F","False"
"From graphical finite state machines to a hardware implementation","Teaching Tools","http://studentnet.cs.manchester.ac.uk/ugt/year3/project/projectbookdetails.php?projectid=55200","Paul Nutter","1 student","H","C","False"
"Maths beyond numbers - mathematical education app","Teaching Tools","http://studentnet.cs.manchester.ac.uk/ugt/year3/project/projectbookdetails.php?projectid=55179","Andrea Schalk","2 students","C","C","False"
"Teaching demonstrations","Teaching Tools","http://studentnet.cs.manchester.ac.uk/ugt/year3/project/projectbookdetails.php?projectid=55268","Jim Garside","2 students","F","F","False"
"Tool to generate displays to illustrate probability and Bayes rule by using whole numbers.","Teaching Tools","http://studentnet.cs.manchester.ac.uk/ugt/year3/project/projectbookdetails.php?projectid=55303","Jon Shapiro","2 students","M","S","False"
"WebGL Educational Tool","Teaching Tools","http://studentnet.cs.manchester.ac.uk/ugt/year3/project/projectbookdetails.php?projectid=55253","David Petrescu","1 student","F","F","False"
"Your idea for a blended learning support tool","Teaching Tools","http://studentnet.cs.manchester.ac.uk/ugt/year3/project/projectbookdetails.php?projectid=55178","Andrea Schalk","2 students","C","C","False"
"A graphics processor","Hardware and Peripherals","http://studentnet.cs.manchester.ac.uk/ugt/year3/project/projectbookdetails.php?projectid=55263","Jim Garside","3 students","C","F","False"
"Accelerating Network Visualisation with GPU","Hardware and Peripherals","http://studentnet.cs.manchester.ac.uk/ugt/year3/project/projectbookdetails.php?projectid=55170","Thomas Carroll","2 students","F","F","True"
"Accelerating Sequence Alignment with GPU","Hardware and Peripherals","http://studentnet.cs.manchester.ac.uk/ugt/year3/project/projectbookdetails.php?projectid=55171","Thomas Carroll","2 students","F","F","True"
"Adapting a Robot Simulator to include 4tronix's Pi2Go2","Hardware and Peripherals","http://studentnet.cs.manchester.ac.uk/ugt/year3/project/projectbookdetails.php?projectid=55083","Louise Dennis","1 student","M","M","False"
"Edge instrumentation systems using dedicated microcontroller boards","Hardware and Peripherals","http://studentnet.cs.manchester.ac.uk/ugt/year3/project/projectbookdetails.php?projectid=55070","Tom Thomson","1 student","H","C","False"
"Efficient multicast in neuromorphic hardware","Hardware and Peripherals","http://studentnet.cs.manchester.ac.uk/ugt/year3/project/projectbookdetails.php?projectid=55396","Davide Bertozzi","1 student","H","C","True"
"Environmental Monitoring","Hardware and Peripherals","http://studentnet.cs.manchester.ac.uk/ugt/year3/project/projectbookdetails.php?projectid=55196","Paul Nutter","1 student","C","F","False"
"Extending the RISC-V","Hardware and Peripherals","http://studentnet.cs.manchester.ac.uk/ugt/year3/project/projectbookdetails.php?projectid=55269","Jim Garside","2 students","C","F","False"
"Have a rummage in the library","Hardware and Peripherals","http://studentnet.cs.manchester.ac.uk/ugt/year3/project/projectbookdetails.php?projectid=55186","Paul Nutter","2 students","C","F","False"
"Implementing dynamic deep neural networks on the NVDLA deep learning accelerator","Hardware and Peripherals","http://studentnet.cs.manchester.ac.uk/ugt/year3/project/projectbookdetails.php?projectid=55392","Davide Bertozzi","1 student","H","C","True"
"Instrument control programming using LabView","Hardware and Peripherals","http://studentnet.cs.manchester.ac.uk/ugt/year3/project/projectbookdetails.php?projectid=55074","Tom Thomson","1 student","H","C","False"
"My Little Computer","Hardware and Peripherals","http://studentnet.cs.manchester.ac.uk/ugt/year3/project/projectbookdetails.php?projectid=55265","Jim Garside","4 students","C","F","False"
"Network interface for the NVDLA deep learning accelerator","Hardware and Peripherals","http://studentnet.cs.manchester.ac.uk/ugt/year3/project/projectbookdetails.php?projectid=55393","Davide Bertozzi","1 student","N","H","True"
"Operating System Development: Contributing to the Unikraft Unikernel","Hardware and Peripherals","http://studentnet.cs.manchester.ac.uk/ugt/year3/project/projectbookdetails.php?projectid=55068","Pierre Olivier","1 student","H","H","True"
"Raspberry Pi based Intelligent controller","Hardware and Peripherals","http://studentnet.cs.manchester.ac.uk/ugt/year3/project/projectbookdetails.php?projectid=55077","Tom Thomson","1 student","C","C","False"
"Reliability assessment of NVDLA deep learning accelerator","Hardware and Peripherals","http://studentnet.cs.manchester.ac.uk/ugt/year3/project/projectbookdetails.php?projectid=55391","Davide Bertozzi","1 student","H","C","True"
"Shush! I'm trying to work!","Hardware and Peripherals","http://studentnet.cs.manchester.ac.uk/ugt/year3/project/projectbookdetails.php?projectid=55197","Paul Nutter","1 student","F","F","False"
"The automated scarecrow","Hardware and Peripherals","http://studentnet.cs.manchester.ac.uk/ugt/year3/project/projectbookdetails.php?projectid=55072","Tom Thomson","2 students","H","C","False"
"The Unstoppable Robot","Hardware and Peripherals","http://studentnet.cs.manchester.ac.uk/ugt/year3/project/projectbookdetails.php?projectid=55194","Paul Nutter","1 student","F","F","False"
"Widgets","Hardware and Peripherals","http://studentnet.cs.manchester.ac.uk/ugt/year3/project/projectbookdetails.php?projectid=55267","Jim Garside","3 students","F","F","False"
"An intuitive interface for a class of sophisticated interpolating curves","Human-Computer Interaction","http://studentnet.cs.manchester.ac.uk/ugt/year3/project/projectbookdetails.php?projectid=55233","Joseph Razavi","1 student","F","F","False"
"Collaborative and Cooperative Physical Activity Tracking","Human-Computer Interaction","http://studentnet.cs.manchester.ac.uk/ugt/year3/project/projectbookdetails.php?projectid=55228","Markel Vigo","1 student","F","F","True"
"Exploring Human-AI Interaction: Bridging the Gap Between Users and Intelligent Systems","Human-Computer Interaction","http://studentnet.cs.manchester.ac.uk/ugt/year3/project/projectbookdetails.php?projectid=55377","Philip Zhao","2 students","F","F","True"
"Immersive VR Art Gallery","Human-Computer Interaction","http://studentnet.cs.manchester.ac.uk/ugt/year3/project/projectbookdetails.php?projectid=55201","David Petrescu","4 students","F","F","False"
"Immersive VR Art Gallery","Human-Computer Interaction","http://studentnet.cs.manchester.ac.uk/ugt/year3/project/projectbookdetails.php?projectid=55201","David Petrescu","5 students","F","F","False"
"Interacting with Predictions on Physical Activity Tracking Systems","Human-Computer Interaction","http://studentnet.cs.manchester.ac.uk/ugt/year3/project/projectbookdetails.php?projectid=55224","Markel Vigo","1 student","F","F","True"
"Measuring pupil responses to real and imagined audio","Human-Computer Interaction","http://studentnet.cs.manchester.ac.uk/ugt/year3/project/projectbookdetails.php?projectid=55256","Sarah Clinch","1 student","H","C","True"
"Physical Activity Tracking at the Workplace","Human-Computer Interaction","http://studentnet.cs.manchester.ac.uk/ugt/year3/project/projectbookdetails.php?projectid=55225","Markel Vigo","1 student","F","F","True"
"Real-time hand tracking","Human-Computer Interaction","http://studentnet.cs.manchester.ac.uk/ugt/year3/project/projectbookdetails.php?projectid=55427","Aphrodite Galata","1 student","C","C","False"
"Recognition of Shapes and Handwriting for Collaborative Working","Human-Computer Interaction","http://studentnet.cs.manchester.ac.uk/ugt/year3/project/projectbookdetails.php?projectid=55295","Terry Morley","2 students","F","F","True"
"Online discussion of Aphantasia and Hyperphantasia","Natural Language processing","http://studentnet.cs.manchester.ac.uk/ugt/year3/project/projectbookdetails.php?projectid=55255","Sarah Clinch","1 student","F","F","True"
"A projectional editor for Adga proofs","Formal Systems","http://studentnet.cs.manchester.ac.uk/ugt/year3/project/projectbookdetails.php?projectid=55234","Joseph Razavi","1 student","F","F","False"
"A Rule-Based Abstraction of an Autonomous Driving System","Formal Systems","http://studentnet.cs.manchester.ac.uk/ugt/year3/project/projectbookdetails.php?projectid=55311","Youcheng Sun","1 student","H","H","True"
"Abstract models of recursion","Formal Systems","http://studentnet.cs.manchester.ac.uk/ugt/year3/project/projectbookdetails.php?projectid=55182","Andrea Schalk","1 student","H","H","False"
"An interactive sentence editor for Combinatory Categorical Grammars","Formal Systems","http://studentnet.cs.manchester.ac.uk/ugt/year3/project/projectbookdetails.php?projectid=55231","Joseph Razavi","1 student","F","F","False"
"Automated Reasoning for Modal Logics","Formal Systems","http://studentnet.cs.manchester.ac.uk/ugt/year3/project/projectbookdetails.php?projectid=55221","Clare Dixon","2 students","C","C","True"
"Breaking symmetries in propositional logic","Formal Systems","http://studentnet.cs.manchester.ac.uk/ugt/year3/project/projectbookdetails.php?projectid=55238","Konstantin Korovin","1 student","H","H","True"
"Decidable fragments of first-order logic","Formal Systems","http://studentnet.cs.manchester.ac.uk/ugt/year3/project/projectbookdetails.php?projectid=55249","Konstantin Korovin","1 student","H","H","True"
"Distributional analysis of syllogisms","Formal Systems","http://studentnet.cs.manchester.ac.uk/ugt/year3/project/projectbookdetails.php?projectid=55215","Ian Pratt-hartmann","2 students","F","F","False"
"Efficient Caching of SMT Queries in Bounded Model Checking","Formal Systems","http://studentnet.cs.manchester.ac.uk/ugt/year3/project/projectbookdetails.php?projectid=55051","Lucas Cordeiro","1 student","C","C","False"
"Efficient CNF transformation in frist-order logic","Formal Systems","http://studentnet.cs.manchester.ac.uk/ugt/year3/project/projectbookdetails.php?projectid=55250","Konstantin Korovin","1 student","H","H","False"
"Efficient solver for Quantified Boolen Logic (QBF)","Formal Systems","http://studentnet.cs.manchester.ac.uk/ugt/year3/project/projectbookdetails.php?projectid=55239","Konstantin Korovin","1 student","H","H","True"
"Exploring a model for sequential computation based on graph games","Formal Systems","http://studentnet.cs.manchester.ac.uk/ugt/year3/project/projectbookdetails.php?projectid=55284","Andrea Schalk","1 student","H","H","True"
"Extending the ksmt solver for solving non-linear constraints","Formal Systems","http://studentnet.cs.manchester.ac.uk/ugt/year3/project/projectbookdetails.php?projectid=55246","Konstantin Korovin","1 student","N","H","True"
"Integration and Evaluation of a String Solver to Verify C Programs","Formal Systems","http://studentnet.cs.manchester.ac.uk/ugt/year3/project/projectbookdetails.php?projectid=55052","Lucas Cordeiro","1 student","M","M","False"
"Integration of SMT solves into iProver","Formal Systems","http://studentnet.cs.manchester.ac.uk/ugt/year3/project/projectbookdetails.php?projectid=55245","Konstantin Korovin","1 student","H","H","True"
"Logical relations as a tool in denotational semantics","Formal Systems","http://studentnet.cs.manchester.ac.uk/ugt/year3/project/projectbookdetails.php?projectid=55180","Andrea Schalk","1 student","H","H","False"
"Making automated theorem provers interactive  to help mathematicians","Formal Systems","http://studentnet.cs.manchester.ac.uk/ugt/year3/project/projectbookdetails.php?projectid=55242","Konstantin Korovin","1 student","H","H","True"
"Modelling the simply typed lambda calculus","Formal Systems","http://studentnet.cs.manchester.ac.uk/ugt/year3/project/projectbookdetails.php?projectid=55181","Andrea Schalk","1 student","H","H","False"
"Orienting equations using the Knuth-Bendix ordering","Formal Systems","http://studentnet.cs.manchester.ac.uk/ugt/year3/project/projectbookdetails.php?projectid=55243","Konstantin Korovin","1 student","H","H","True"
"Refactoring FRETish Requirements","Formal Systems","http://studentnet.cs.manchester.ac.uk/ugt/year3/project/projectbookdetails.php?projectid=55328","Marie Farrell","1 student","C","C","True"
"Run-time Verification meets Software Model Checking","Formal Systems","http://studentnet.cs.manchester.ac.uk/ugt/year3/project/projectbookdetails.php?projectid=55060","Lucas Cordeiro","1 student","C","C","False"
"SAT solvers for procedural tilemap generation","Formal Systems","http://studentnet.cs.manchester.ac.uk/ugt/year3/project/projectbookdetails.php?projectid=55236","Joseph Razavi","1 student","F","F","False"
"Solving hard combinatorial problems using SAT solvers","Formal Systems","http://studentnet.cs.manchester.ac.uk/ugt/year3/project/projectbookdetails.php?projectid=55241","Konstantin Korovin","1 student","H","H","True"
"Solving the Electric Vehicle Routing Problem","Formal Systems","http://studentnet.cs.manchester.ac.uk/ugt/year3/project/projectbookdetails.php?projectid=55165","Francisco Lobo","2 students","F","F","False"
"Solving the Wind Farm Layout Problem","Formal Systems","http://studentnet.cs.manchester.ac.uk/ugt/year3/project/projectbookdetails.php?projectid=55166","Francisco Lobo","2 students","F","F","False"
"Solving Water Distribution Network Problems","Formal Systems","http://studentnet.cs.manchester.ac.uk/ugt/year3/project/projectbookdetails.php?projectid=55167","Francisco Lobo","2 students","F","F","False"
"Specification Clones","Formal Systems","http://studentnet.cs.manchester.ac.uk/ugt/year3/project/projectbookdetails.php?projectid=55329","Marie Farrell","1 student","C","C","True"
"Using logic tools to create a game based on making logical assertions","Formal Systems","http://studentnet.cs.manchester.ac.uk/ugt/year3/project/projectbookdetails.php?projectid=55237","Joseph Razavi","1 student","F","F","False"
"Verifying Control Software in Unmanned Aerial Vehicles","Formal Systems","http://studentnet.cs.manchester.ac.uk/ugt/year3/project/projectbookdetails.php?projectid=55054","Lucas Cordeiro","2 students","M","M","False"
"Visualising Combinatory Categorical Grammars to make a language learning tool","Formal Systems","http://studentnet.cs.manchester.ac.uk/ugt/year3/project/projectbookdetails.php?projectid=55230","Joseph Razavi","1 student","F","F","False"
"Walking on words","Formal Systems","http://studentnet.cs.manchester.ac.uk/ugt/year3/project/projectbookdetails.php?projectid=55216","Ian Pratt-hartmann","2 students","F","F","False"
"The Intention Progression Problem","General and domain specific language development","http://studentnet.cs.manchester.ac.uk/ugt/year3/project/projectbookdetails.php?projectid=55147","Louise Dennis","1 student","H","C","True"
"Building knowledge graphs using FAIR Signposting on the Web","Web and web service systems","http://studentnet.cs.manchester.ac.uk/ugt/year3/project/projectbookdetails.php?projectid=55348","Stian Soiland-reyes","2 students","F","F","True"
"CS Computer Clusters ... are there any free PCs?","Web and web service systems","http://studentnet.cs.manchester.ac.uk/ugt/year3/project/projectbookdetails.php?projectid=55213","Paul Nutter","1 student","F","F","False"
"Dynamic Course Unit Hub: Revolutionising COMP16321 & COMP23111 Learning with Interactive VLEs","Web and web service systems","http://studentnet.cs.manchester.ac.uk/ugt/year3/project/projectbookdetails.php?projectid=55045","Gareth Henshall","2 students","F","F","False"
"Lab Demo Management System","Web and web service systems","http://studentnet.cs.manchester.ac.uk/ugt/year3/project/projectbookdetails.php?projectid=55199","Paul Nutter","1 student","F","F","False"
"Maximising information from web publication data","Web and web service systems","http://studentnet.cs.manchester.ac.uk/ugt/year3/project/projectbookdetails.php?projectid=55212","Tom Thomson","1 student","F","F","False"
"Science Lab in the Web","Web and web service systems","http://studentnet.cs.manchester.ac.uk/ugt/year3/project/projectbookdetails.php?projectid=55406","Christoforos Moutafis","3 students","M","M","False"
"Android Camera App with Sensor Data","Mobile applications and systems","http://studentnet.cs.manchester.ac.uk/ugt/year3/project/projectbookdetails.php?projectid=55292","Terry Morley","2 students","F","F","False"
"Exploiting Edge Resources in the Execution of Intelligent Transportation System Applications","Information Systems","http://studentnet.cs.manchester.ac.uk/ugt/year3/project/projectbookdetails.php?projectid=55413","Sandra Sampaio","1 student","C","C","True"
